Name,Entry Time (s),Exit Time (s),Avg Confidence
Siddharth,73.5224621295929,79.60996508598328,0.45
Musab,85.69651341438293,91.78391122817993,0.5
